{"epochs": [1, 2, 3, 4, 5, 6, 7, 8, 9, 10, 11, 12, 13, 14, 15, 16, 17, 18, 19, 20, 21, 22, 23, 24, 25, 26, 27, 28, 29, 30, 31, 32, 33, 34, 35, 36, 37, 38, 39, 40], "train_accuracies": [0.46546, 0.65924, 0.73718, 0.78644, 0.81592, 0.83924, 0.85586, 0.86862, 0.87938, 0.89046, 0.89514, 0.90508, 0.91202, 0.91838, 0.92446, 0.92908, 0.93468, 0.93792, 0.94324, 0.94572, 0.95026, 0.95376, 0.95644, 0.95752, 0.96058, 0.96296, 0.96554, 0.96882, 0.97, 0.97042, 0.98636, 0.99094, 0.99248, 0.99328, 0.99402, 0.99478, 0.99556, 0.9952, 0.9962, 0.99672], "val_accuracies": [0.5323, 0.6982, 0.7228, 0.7719, 0.797, 0.8215, 0.8123, 0.8329, 0.8448, 0.8611, 0.8571, 0.8706, 0.8836, 0.8793, 0.8896, 0.8832, 0.8849, 0.8844, 0.8947, 0.8909, 0.8988, 0.9021, 0.8939, 0.9044, 0.9059, 0.902, 0.8995, 0.8959, 0.8955, 0.9064, 0.9251, 0.9229, 0.9244, 0.9226, 0.925, 0.9249, 0.9261, 0.9281, 0.9257, 0.924]}