{"epochs": [1, 2, 3, 4, 5, 6, 7, 8, 9, 10, 11, 12, 13, 14, 15, 16, 17, 18, 19, 20, 21, 22, 23, 24, 25, 26, 27, 28, 29, 30, 31, 32, 33, 34, 35, 36, 37, 38, 39, 40], "train_accuracies": [0.08534, 0.18312, 0.26972, 0.3521, 0.41594, 0.46984, 0.51008, 0.5399, 0.57024, 0.59322, 0.61578, 0.63348, 0.65668, 0.66902, 0.68488, 0.69332, 0.70754, 0.71696, 0.72644, 0.73828, 0.74554, 0.75608, 0.76768, 0.7687, 0.77956, 0.78246, 0.78856, 0.79506, 0.80036, 0.8096, 0.88504, 0.91782, 0.92988, 0.93714, 0.9436, 0.94842, 0.95104, 0.95686, 0.95986, 0.96214], "val_accuracies": [0.1479, 0.2465, 0.2978, 0.3979, 0.4445, 0.4713, 0.5063, 0.5452, 0.5651, 0.5542, 0.5694, 0.5874, 0.5932, 0.6127, 0.6192, 0.6391, 0.6038, 0.642, 0.6398, 0.6471, 0.6387, 0.6223, 0.6141, 0.6516, 0.6383, 0.6273, 0.6388, 0.6362, 0.6593, 0.6257, 0.7252, 0.7327, 0.7321, 0.7333, 0.7322, 0.7355, 0.7343, 0.7357, 0.7368, 0.7361]}