{
    "epochs": [
        1,
        2,
        3,
        4,
        5,
        6,
        7,
        8,
        9,
        10,
        11,
        12,
        13,
        14,
        15,
        16,
        17,
        18,
        19,
        20,
        21,
        22,
        23,
        24,
        25,
        26,
        27,
        28,
        29,
        30,
        31,
        32,
        33,
        34,
        35,
        36,
        37,
        38,
        39,
        40
    ],
    "train_losses": [
        3.684581778640747,
        2.8430494612121584,
        2.3286095809936525,
        1.9858757346343994,
        1.7510125875473022,
        1.5657215198516845,
        1.4085047054672242,
        1.295078426551819,
        1.1859930611419678,
        1.0880368908691407,
        1.0078593547821044,
        0.9260279841804504,
        0.8502483214569092,
        0.7851932238388062,
        0.7176126728630066,
        0.6538786916351318,
        0.599819688987732,
        0.5393689244651795,
        0.4878123741626739,
        0.44807989426612854,
        0.41089743577957155,
        0.36723868972778323,
        0.34065735223770144,
        0.30454165393829347,
        0.27973139207839964,
        0.2540240255594254,
        0.25353207728385924,
        0.2188400614452362,
        0.20428213753700256,
        0.1980073135948181,
        0.09477259078264237,
        0.06134200389623642,
        0.05197781399011612,
        0.0451469106054306,
        0.03927032013773918,
        0.035714009934663775,
        0.03194866245150566,
        0.029883878358006478,
        0.02804210609972477,
        0.024890235908031463
    ],
    "val_losses": [
        3.322258291244507,
        2.6593076467514036,
        2.4681401669979097,
        2.1864854764938353,
        1.9786582601070404,
        1.7130881214141847,
        1.6484127032756806,
        1.5542314267158508,
        1.4551040148735046,
        1.4618286716938018,
        1.388699505329132,
        1.4041040402650833,
        1.3563904774188995,
        1.4167182701826095,
        1.5101712238788605,
        1.3550389271974563,
        1.3955823892354966,
        1.3357569855451583,
        1.4354654616117477,
        1.4435195744037628,
        1.5483122920989991,
        1.459962127804756,
        1.4752972388267518,
        1.517717576622963,
        1.5708195579051971,
        1.6087292677164078,
        1.618325223326683,
        1.655563108921051,
        1.6504461562633514,
        1.7087813103199005,
        1.4620812302827835,
        1.441592212319374,
        1.4533018779754638,
        1.457008075118065,
        1.4571154826879502,
        1.46253573179245,
        1.4715658807754517,
        1.4902866172790528,
        1.5004731279611587,
        1.502096499800682
    ],
    "train_accuracies": [
        0.13332,
        0.27638,
        0.38058,
        0.45602,
        0.51332,
        0.55794,
        0.59584,
        0.62534,
        0.65136,
        0.67876,
        0.69914,
        0.7205,
        0.73808,
        0.75686,
        0.77798,
        0.79586,
        0.8108,
        0.82856,
        0.84534,
        0.8567,
        0.86602,
        0.88022,
        0.88722,
        0.89906,
        0.90768,
        0.9161,
        0.91496,
        0.92702,
        0.93218,
        0.93428,
        0.97122,
        0.98412,
        0.9871,
        0.98922,
        0.9916,
        0.99268,
        0.99362,
        0.99418,
        0.99386,
        0.99536
    ],
    "val_accuracies": [
        0.1965,
        0.3193,
        0.3669,
        0.4253,
        0.4849,
        0.5289,
        0.5518,
        0.5749,
        0.5942,
        0.5997,
        0.6147,
        0.621,
        0.6362,
        0.6283,
        0.6206,
        0.6523,
        0.6468,
        0.6668,
        0.6556,
        0.6544,
        0.6529,
        0.6608,
        0.6707,
        0.6708,
        0.6676,
        0.6709,
        0.6671,
        0.672,
        0.669,
        0.6711,
        0.7074,
        0.7078,
        0.7092,
        0.7118,
        0.7104,
        0.7107,
        0.7129,
        0.7127,
        0.7118,
        0.7137
    ]
}