{"epochs": [1, 2, 3, 4, 5, 6, 7, 8, 9, 10, 11, 12, 13, 14, 15, 16, 17, 18, 19, 20, 21, 22, 23, 24, 25, 26, 27, 28, 29, 30, 31, 32, 33, 34, 35, 36, 37, 38, 39, 40], "train_accuracies": [0.5069, 0.69438, 0.76406, 0.80142, 0.82826, 0.84774, 0.86282, 0.87268, 0.88386, 0.89458, 0.90106, 0.908, 0.91648, 0.92106, 0.92726, 0.93106, 0.93564, 0.94102, 0.94488, 0.94708, 0.95156, 0.9527, 0.9572, 0.9604, 0.9598, 0.9631, 0.966, 0.96726, 0.97074, 0.97058, 0.98442, 0.99096, 0.9922, 0.99392, 0.9944, 0.99508, 0.99548, 0.99586, 0.9959, 0.99624], "val_accuracies": [0.5914, 0.6903, 0.7823, 0.7873, 0.8169, 0.8264, 0.8272, 0.8294, 0.8523, 0.8659, 0.8604, 0.878, 0.8621, 0.8759, 0.8899, 0.8853, 0.8917, 0.9, 0.8881, 0.8931, 0.8939, 0.8904, 0.9074, 0.894, 0.9072, 0.9139, 0.8958, 0.9082, 0.9051, 0.9001, 0.928, 0.9305, 0.93, 0.932, 0.9319, 0.9299, 0.9295, 0.93, 0.9291, 0.9315]}