{"epochs": [1, 2, 3, 4, 5, 6, 7, 8, 9, 10, 11, 12, 13, 14, 15, 16, 17, 18, 19, 20, 21, 22, 23, 24, 25, 26, 27, 28, 29, 30, 31, 32, 33, 34, 35, 36, 37, 38, 39, 40], "train_accuracies": [0.32532, 0.50166, 0.58842, 0.61506, 0.67378, 0.69484, 0.64468, 0.63206, 0.70238, 0.73184, 0.70172, 0.72326, 0.77552, 0.78586, 0.80236, 0.81334, 0.81408, 0.81776, 0.83728, 0.83732, 0.84998, 0.85516, 0.8451, 0.8607, 0.86664, 0.87608, 0.87384, 0.8667, 0.88088, 0.88696, 0.90904, 0.91852, 0.92212, 0.9247, 0.92452, 0.9267, 0.92882, 0.92962, 0.93114, 0.93282], "val_accuracies": [0.387, 0.5391, 0.5645, 0.627, 0.6472, 0.7033, 0.6681, 0.6627, 0.6909, 0.7441, 0.6677, 0.7542, 0.7608, 0.7756, 0.793, 0.8071, 0.788, 0.7934, 0.8026, 0.813, 0.8249, 0.8423, 0.8439, 0.8525, 0.8356, 0.8534, 0.8189, 0.8432, 0.8265, 0.8607, 0.8833, 0.8851, 0.8865, 0.8876, 0.8879, 0.8911, 0.8901, 0.8913, 0.8912, 0.8888]}