{"epochs": [1, 2, 3, 4, 5, 6, 7, 8, 9, 10, 11, 12, 13, 14, 15, 16, 17, 18, 19, 20, 21, 22, 23, 24, 25, 26, 27, 28, 29, 30, 31, 32, 33, 34, 35, 36, 37, 38, 39, 40], "train_accuracies": [0.29752, 0.41442, 0.468, 0.48136, 0.5012, 0.5126, 0.52774, 0.5346, 0.5452, 0.55592, 0.5671, 0.56882, 0.5736, 0.58202, 0.588, 0.59762, 0.6023, 0.60528, 0.60924, 0.62018, 0.62718, 0.62738, 0.63688, 0.6455, 0.65152, 0.65506, 0.66458, 0.66972, 0.67664, 0.68184, 0.72164, 0.73256, 0.73762, 0.7408, 0.74424, 0.74498, 0.75106, 0.75304, 0.75802, 0.75926], "val_accuracies": [0.3676, 0.4492, 0.4907, 0.5157, 0.5302, 0.5114, 0.5486, 0.5557, 0.5548, 0.5771, 0.5545, 0.5666, 0.5877, 0.595, 0.6091, 0.6062, 0.603, 0.6081, 0.6158, 0.6249, 0.6254, 0.6281, 0.6412, 0.6261, 0.6493, 0.652, 0.6591, 0.6706, 0.6653, 0.6748, 0.7, 0.7011, 0.7027, 0.701, 0.7045, 0.707, 0.7077, 0.7088, 0.7116, 0.7082]}